CookerStat, GenerateAssetRegistry=0.027016, Initialize=0.137869, RunGuid=RunID0E1643E5430DFF6791CBAC8765861AE8
MaterialTransactionIdE24C7A964FE26B24264B1CA065EAFF07_0, CacheKey=MATSM_4F0644619F9C48FF91E0D494C95EB050_PCD3D_SM5_5__BC5N_DEV_SL_NoDBuf_EARLYZ387B7547E427F3E3958F48BAD6116404F_Num_SM5__0___TBasePassVSFNoLightMapPolicyAtmosphericFog8B18AAF8F9198748E9489BA6EBEFA581D907D7CD2094224222222222222222222222224222222222222222222222222222222222222222222424444444440222222222222222222222244442222222222222222222222222222221240222224222222222222222222222222222222222222222222222222222222000044040000001400000014000000140000001400000014000000_TBasePassVSFNoLightMapPolicy8B18AAF8F9198748E9489BA6EBEFA581D907D7CD2094224222222222222222222222224222222222222222222222222222222222222222222424444444440222222222222222222222244442222222222222222222222222222221240222224222222222222222222222222222222222222222222222222222222000044040000001400000014000000140000001400000014000000_TBasePassPSFNoLightMapPolicy8B95D470BB4BF92A5C22A48B60B9DA18A2BE42522144224222222222222222222222224222222222222222222222222222222222222222222424444444440222222222222222222222244442222222222222222222222222222221240222224222222222222222222222222222222222222222222222222222222222202004044001400000014000000140000001400000014000000_FLocalVertexFactory5897CEF715AB93237703E35F9ABEBB43E8E477D34224200000000058000040404040404040404040434343444443434343404040404040404040404343434040404044040404040404040404040404343434444434343434040404040404040404043434340404016101010101000424244444444444444424141414341414141413131414141444341444044444444444444414141414141414141434143414141414141414141414131314444414241444444414101010004443414341414141444444434341434444444404444444444444444444444444444444444444444444444444444444444444444444444444404010101010101010101010101010101010101010101010101210443434343444144444444444444440101010101010101010101010101301434143424141414244414130331313141444444440000250000001000000010000000100000001000000010000000100000001000000010000000100000001000000010000000100000001000000010000000100000001000000010000000100000001000000010000000100000001000000010000000100000001000000025000000100000001000000010000000100000001000000010000000100000001000000010000000100000001000000010000000100000001000000010000000100000001000000010000000100000001000000010000000100000001000000010000000100000000800000008000000080000000800000008000000080000004900000010000000090000000800000010000000100000001000000026000000180000000900000009000000090000000900000009000000090000000900000009000000090000000900000009000000090000000900000009000000090000000900000009000000090000000800000008000000080000000800000008000000080000001C00000009000000090000000900000009000000090000000900000009000000080000000800000008000000080000000800000008000000080000000D00000008000000DA39A3EE5E6B4B0D3255BFEF95601890AFD807090000000000000000000000000000000000000000, ShaderCompilation=668.231567, RunGuid=RunID0E1643E5430DFF6791CBAC8765861AE8
MaterialTransactionIdE24C7A964FE26B24264B1CA065EAFF07_1, CacheKey=MATSM_4F0644619F9C48FF91E0D494C95EB050_PCD3D_SM5_5__BC5N_DEV_SL_NoDBuf_EARLYZ3E7533FD445591F610461FDBB369FA4E6_Num_SM5__0___TBasePassVSFNoLightMapPolicyAtmosphericFog8B18AAF8F9198748E9489BA6EBEFA581D907D7CD2094224222222222222222222222224222222222222222222222222222222222222222222424444444440222222222222222222222244442222222222222222222222222222221240222224222222222222222222222222222222222222222222222222222222000044040000001400000014000000140000001400000014000000_TBasePassVSFNoLightMapPolicy8B18AAF8F9198748E9489BA6EBEFA581D907D7CD2094224222222222222222222222224222222222222222222222222222222222222222222424444444440222222222222222222222244442222222222222222222222222222221240222224222222222222222222222222222222222222222222222222222222000044040000001400000014000000140000001400000014000000_TBasePassPSFNoLightMapPolicy8B95D470BB4BF92A5C22A48B60B9DA18A2BE42522144224222222222222222222222224222222222222222222222222222222222222222222424444444440222222222222222222222244442222222222222222222222222222221240222224222222222222222222222222222222222222222222222222222222222202004044001400000014000000140000001400000014000000_FLocalVertexFactory5897CEF715AB93237703E35F9ABEBB43E8E477D34224200000000058000040404040404040404040434343444443434343404040404040404040404343434040404044040404040404040404040404343434444434343434040404040404040404043434340404016101010101000424244444444444444424141414341414141413131414141444341444044444444444444414141414141414141434143414141414141414141414131314444414241444444414101010004443414341414141444444434341434444444404444444444444444444444444444444444444444444444444444444444444444444444444404010101010101010101010101010101010101010101010101210443434343444144444444444444440101010101010101010101010101301434143424141414244414130331313141444444440000250000001000000010000000100000001000000010000000100000001000000010000000100000001000000010000000100000001000000010000000100000001000000010000000100000001000000010000000100000001000000010000000100000001000000025000000100000001000000010000000100000001000000010000000100000001000000010000000100000001000000010000000100000001000000010000000100000001000000010000000100000001000000010000000100000001000000010000000100000000800000008000000080000000800000008000000080000004900000010000000090000000800000010000000100000001000000026000000180000000900000009000000090000000900000009000000090000000900000009000000090000000900000009000000090000000900000009000000090000000900000009000000090000000800000008000000080000000800000008000000080000001C00000009000000090000000900000009000000090000000900000009000000080000000800000008000000080000000800000008000000080000000D00000008000000DA39A3EE5E6B4B0D3255BFEF95601890AFD807090000000000000000000000000000000000000000, ShaderCompilation=765.443420, RunGuid=RunID0E1643E5430DFF6791CBAC8765861AE8
MaterialTransactionIdE24C7A964FE26B24264B1CA065EAFF07_2, CacheKey=MATSM_4F0644619F9C48FF91E0D494C95EB050_PCD3D_SM5_5__BC5N_DEV_SL_NoDBuf_EARLYZ361D120DC41FCC86CC6AEB488B6D6E687_Num_SM5__0___TBasePassVSFNoLightMapPolicyAtmosphericFog8B18AAF8F9198748E9489BA6EBEFA581D907D7CD2094224222222222222222222222224222222222222222222222222222222222222222222424444444440222222222222222222222244442222222222222222222222222222221240222224222222222222222222222222222222222222222222222222222222000044040000001400000014000000140000001400000014000000_TBasePassVSFNoLightMapPolicy8B18AAF8F9198748E9489BA6EBEFA581D907D7CD2094224222222222222222222222224222222222222222222222222222222222222222222424444444440222222222222222222222244442222222222222222222222222222221240222224222222222222222222222222222222222222222222222222222222000044040000001400000014000000140000001400000014000000_TBasePassPSFNoLightMapPolicy8B95D470BB4BF92A5C22A48B60B9DA18A2BE42522144224222222222222222222222224222222222222222222222222222222222222222222424444444440222222222222222222222244442222222222222222222222222222221240222224222222222222222222222222222222222222222222222222222222222202004044001400000014000000140000001400000014000000_FLocalVertexFactory5897CEF715AB93237703E35F9ABEBB43E8E477D34224200000000058000040404040404040404040434343444443434343404040404040404040404343434040404044040404040404040404040404343434444434343434040404040404040404043434340404016101010101000424244444444444444424141414341414141413131414141444341444044444444444444414141414141414141434143414141414141414141414131314444414241444444414101010004443414341414141444444434341434444444404444444444444444444444444444444444444444444444444444444444444444444444444404010101010101010101010101010101010101010101010101210443434343444144444444444444440101010101010101010101010101301434143424141414244414130331313141444444440000250000001000000010000000100000001000000010000000100000001000000010000000100000001000000010000000100000001000000010000000100000001000000010000000100000001000000010000000100000001000000010000000100000001000000025000000100000001000000010000000100000001000000010000000100000001000000010000000100000001000000010000000100000001000000010000000100000001000000010000000100000001000000010000000100000001000000010000000100000000800000008000000080000000800000008000000080000004900000010000000090000000800000010000000100000001000000026000000180000000900000009000000090000000900000009000000090000000900000009000000090000000900000009000000090000000900000009000000090000000900000009000000090000000800000008000000080000000800000008000000080000001C00000009000000090000000900000009000000090000000900000009000000080000000800000008000000080000000800000008000000080000000D00000008000000DA39A3EE5E6B4B0D3255BFEF95601890AFD807090000000000000000000000000000000000000000, ShaderCompilation=896.965454, RunGuid=RunID0E1643E5430DFF6791CBAC8765861AE8
MaterialTransactionIdE24C7A964FE26B24264B1CA065EAFF07_3, CacheKey=MATSM_4F0644619F9C48FF91E0D494C95EB050_PCD3D_SM5_5__BC5N_DEV_SL_NoDBuf_EARLYZ38BC6793D4C1E30C286E0B4BD643C6420_Num_SM5__0___TBasePassVSFNoLightMapPolicyAtmosphericFog8B18AAF8F9198748E9489BA6EBEFA581D907D7CD2094224222222222222222222222224222222222222222222222222222222222222222222424444444440222222222222222222222244442222222222222222222222222222221240222224222222222222222222222222222222222222222222222222222222000044040000001400000014000000140000001400000014000000_TBasePassVSFNoLightMapPolicy8B18AAF8F9198748E9489BA6EBEFA581D907D7CD2094224222222222222222222222224222222222222222222222222222222222222222222424444444440222222222222222222222244442222222222222222222222222222221240222224222222222222222222222222222222222222222222222222222222000044040000001400000014000000140000001400000014000000_TBasePassPSFNoLightMapPolicy8B95D470BB4BF92A5C22A48B60B9DA18A2BE42522144224222222222222222222222224222222222222222222222222222222222222222222424444444440222222222222222222222244442222222222222222222222222222221240222224222222222222222222222222222222222222222222222222222222222202004044001400000014000000140000001400000014000000_FLocalVertexFactory5897CEF715AB93237703E35F9ABEBB43E8E477D34224200000000058000040404040404040404040434343444443434343404040404040404040404343434040404044040404040404040404040404343434444434343434040404040404040404043434340404016101010101000424244444444444444424141414341414141413131414141444341444044444444444444414141414141414141434143414141414141414141414131314444414241444444414101010004443414341414141444444434341434444444404444444444444444444444444444444444444444444444444444444444444444444444444404010101010101010101010101010101010101010101010101210443434343444144444444444444440101010101010101010101010101301434143424141414244414130331313141444444440000250000001000000010000000100000001000000010000000100000001000000010000000100000001000000010000000100000001000000010000000100000001000000010000000100000001000000010000000100000001000000010000000100000001000000025000000100000001000000010000000100000001000000010000000100000001000000010000000100000001000000010000000100000001000000010000000100000001000000010000000100000001000000010000000100000001000000010000000100000000800000008000000080000000800000008000000080000004900000010000000090000000800000010000000100000001000000026000000180000000900000009000000090000000900000009000000090000000900000009000000090000000900000009000000090000000900000009000000090000000900000009000000090000000800000008000000080000000800000008000000080000001C00000009000000090000000900000009000000090000000900000009000000080000000800000008000000080000000800000008000000080000000D00000008000000DA39A3EE5E6B4B0D3255BFEF95601890AFD807090000000000000000000000000000000000000000, ShaderCompilation=1064.963745, RunGuid=RunID0E1643E5430DFF6791CBAC8765861AE8
MaterialTransactionIdE24C7A964FE26B24264B1CA065EAFF07_4, CacheKey=MATSM_4F0644619F9C48FF91E0D494C95EB050_PCD3D_SM5_5__BC5N_DEV_SL_NoDBuf_EARLYZ3533F996148B3B5B5286B72A967D514C4_Num_SM5__0___TBasePassVSFNoLightMapPolicyAtmosphericFog8B18AAF8F9198748E9489BA6EBEFA581D907D7CD2094224222222222222222222222224222222222222222222222222222222222222222222424444444440222222222222222222222244442222222222222222222222222222221240222224222222222222222222222222222222222222222222222222222222000044040000001400000014000000140000001400000014000000_TBasePassVSFNoLightMapPolicy8B18AAF8F9198748E9489BA6EBEFA581D907D7CD2094224222222222222222222222224222222222222222222222222222222222222222222424444444440222222222222222222222244442222222222222222222222222222221240222224222222222222222222222222222222222222222222222222222222000044040000001400000014000000140000001400000014000000_TBasePassPSFNoLightMapPolicy8B95D470BB4BF92A5C22A48B60B9DA18A2BE42522144224222222222222222222222224222222222222222222222222222222222222222222424444444440222222222222222222222244442222222222222222222222222222221240222224222222222222222222222222222222222222222222222222222222222202004044001400000014000000140000001400000014000000_FLocalVertexFactory5897CEF715AB93237703E35F9ABEBB43E8E477D34224200000000058000040404040404040404040434343444443434343404040404040404040404343434040404044040404040404040404040404343434444434343434040404040404040404043434340404016101010101000424244444444444444424141414341414141413131414141444341444044444444444444414141414141414141434143414141414141414141414131314444414241444444414101010004443414341414141444444434341434444444404444444444444444444444444444444444444444444444444444444444444444444444444404010101010101010101010101010101010101010101010101210443434343444144444444444444440101010101010101010101010101301434143424141414244414130331313141444444440000250000001000000010000000100000001000000010000000100000001000000010000000100000001000000010000000100000001000000010000000100000001000000010000000100000001000000010000000100000001000000010000000100000001000000025000000100000001000000010000000100000001000000010000000100000001000000010000000100000001000000010000000100000001000000010000000100000001000000010000000100000001000000010000000100000001000000010000000100000000800000008000000080000000800000008000000080000004900000010000000090000000800000010000000100000001000000026000000180000000900000009000000090000000900000009000000090000000900000009000000090000000900000009000000090000000900000009000000090000000900000009000000090000000800000008000000080000000800000008000000080000001C00000009000000090000000900000009000000090000000900000009000000080000000800000008000000080000000800000008000000080000000D000000080000005FBE7A041543D01C6B77280F3CC646654471255B0000000000000000000000000000000000000000, ShaderCompilation=627.011597, RunGuid=RunID0E1643E5430DFF6791CBAC8765861AE8
MaterialTransactionIdE24C7A964FE26B24264B1CA065EAFF07_5, CacheKey=MATSM_4F0644619F9C48FF91E0D494C95EB050_PCD3D_SM5_5__BC5N_DEV_SL_NoDBuf_EARLYZ3EA8381C74727CE98C35F06AA128BDFBC_Num_SM5__0___TBasePassVSFNoLightMapPolicyAtmosphericFog8B18AAF8F9198748E9489BA6EBEFA581D907D7CD2094224222222222222222222222224222222222222222222222222222222222222222222424444444440222222222222222222222244442222222222222222222222222222221240222224222222222222222222222222222222222222222222222222222222000044040000001400000014000000140000001400000014000000_TBasePassVSFNoLightMapPolicy8B18AAF8F9198748E9489BA6EBEFA581D907D7CD2094224222222222222222222222224222222222222222222222222222222222222222222424444444440222222222222222222222244442222222222222222222222222222221240222224222222222222222222222222222222222222222222222222222222000044040000001400000014000000140000001400000014000000_TBasePassPSFNoLightMapPolicy8B95D470BB4BF92A5C22A48B60B9DA18A2BE42522144224222222222222222222222224222222222222222222222222222222222222222222424444444440222222222222222222222244442222222222222222222222222222221240222224222222222222222222222222222222222222222222222222222222222202004044001400000014000000140000001400000014000000_FLocalVertexFactory5897CEF715AB93237703E35F9ABEBB43E8E477D34224200000000058000040404040404040404040434343444443434343404040404040404040404343434040404044040404040404040404040404343434444434343434040404040404040404043434340404016101010101000424244444444444444424141414341414141413131414141444341444044444444444444414141414141414141434143414141414141414141414131314444414241444444414101010004443414341414141444444434341434444444404444444444444444444444444444444444444444444444444444444444444444444444444404010101010101010101010101010101010101010101010101210443434343444144444444444444440101010101010101010101010101301434143424141414244414130331313141444444440000250000001000000010000000100000001000000010000000100000001000000010000000100000001000000010000000100000001000000010000000100000001000000010000000100000001000000010000000100000001000000010000000100000001000000025000000100000001000000010000000100000001000000010000000100000001000000010000000100000001000000010000000100000001000000010000000100000001000000010000000100000001000000010000000100000001000000010000000100000000800000008000000080000000800000008000000080000004900000010000000090000000800000010000000100000001000000026000000180000000900000009000000090000000900000009000000090000000900000009000000090000000900000009000000090000000900000009000000090000000900000009000000090000000800000008000000080000000800000008000000080000001C00000009000000090000000900000009000000090000000900000009000000080000000800000008000000080000000800000008000000080000000D000000080000008AAEA467CA114F79008FF26204FF14D1E69C9C360000000000000000000000000000000000000000, ShaderCompilation=273.088440, RunGuid=RunID0E1643E5430DFF6791CBAC8765861AE8
MaterialTransactionIdE24C7A964FE26B24264B1CA065EAFF07_6, CacheKey=MATSM_4F0644619F9C48FF91E0D494C95EB050_PCD3D_SM5_5__BC5N_DEV_SL_NoDBuf_EARLYZ3F5FFE0134C895219927ECCB1C8E52786_Num_SM5__0___TBasePassVSFNoLightMapPolicyAtmosphericFog8B18AAF8F9198748E9489BA6EBEFA581D907D7CD2094224222222222222222222222224222222222222222222222222222222222222222222424444444440222222222222222222222244442222222222222222222222222222221240222224222222222222222222222222222222222222222222222222222222000044040000001400000014000000140000001400000014000000_TBasePassVSFNoLightMapPolicy8B18AAF8F9198748E9489BA6EBEFA581D907D7CD2094224222222222222222222222224222222222222222222222222222222222222222222424444444440222222222222222222222244442222222222222222222222222222221240222224222222222222222222222222222222222222222222222222222222000044040000001400000014000000140000001400000014000000_TBasePassPSFNoLightMapPolicy8B95D470BB4BF92A5C22A48B60B9DA18A2BE42522144224222222222222222222222224222222222222222222222222222222222222222222424444444440222222222222222222222244442222222222222222222222222222221240222224222222222222222222222222222222222222222222222222222222222202004044001400000014000000140000001400000014000000_FLocalVertexFactory5897CEF715AB93237703E35F9ABEBB43E8E477D34224200000000058000040404040404040404040434343444443434343404040404040404040404343434040404044040404040404040404040404343434444434343434040404040404040404043434340404016101010101000424244444444444444424141414341414141413131414141444341444044444444444444414141414141414141434143414141414141414141414131314444414241444444414101010004443414341414141444444434341434444444404444444444444444444444444444444444444444444444444444444444444444444444444404010101010101010101010101010101010101010101010101210443434343444144444444444444440101010101010101010101010101301434143424141414244414130331313141444444440000250000001000000010000000100000001000000010000000100000001000000010000000100000001000000010000000100000001000000010000000100000001000000010000000100000001000000010000000100000001000000010000000100000001000000025000000100000001000000010000000100000001000000010000000100000001000000010000000100000001000000010000000100000001000000010000000100000001000000010000000100000001000000010000000100000001000000010000000100000000800000008000000080000000800000008000000080000004900000010000000090000000800000010000000100000001000000026000000180000000900000009000000090000000900000009000000090000000900000009000000090000000900000009000000090000000900000009000000090000000900000009000000090000000800000008000000080000000800000008000000080000001C00000009000000090000000900000009000000090000000900000009000000080000000800000008000000080000000800000008000000080000000D000000080000008AAEA467CA114F79008FF26204FF14D1E69C9C360000000000000000000000000000000000000000, ShaderCompilation=263.245026, RunGuid=RunID0E1643E5430DFF6791CBAC8765861AE8
MaterialTransactionIdE24C7A964FE26B24264B1CA065EAFF07_7, CacheKey=MATSM_4F0644619F9C48FF91E0D494C95EB050_PCD3D_SM5_5__BC5N_DEV_SL_NoDBuf_EARLYZ386BB65204CE2A468CFAD20AD128F8246_Num_SM5__0___TBasePassVSFNoLightMapPolicyAtmosphericFog8B18AAF8F9198748E9489BA6EBEFA581D907D7CD2094224222222222222222222222224222222222222222222222222222222222222222222424444444440222222222222222222222244442222222222222222222222222222221240222224222222222222222222222222222222222222222222222222222222000044040000001400000014000000140000001400000014000000_TBasePassVSFNoLightMapPolicy8B18AAF8F9198748E9489BA6EBEFA581D907D7CD2094224222222222222222222222224222222222222222222222222222222222222222222424444444440222222222222222222222244442222222222222222222222222222221240222224222222222222222222222222222222222222222222222222222222000044040000001400000014000000140000001400000014000000_TBasePassPSFNoLightMapPolicy8B95D470BB4BF92A5C22A48B60B9DA18A2BE42522144224222222222222222222222224222222222222222222222222222222222222222222424444444440222222222222222222222244442222222222222222222222222222221240222224222222222222222222222222222222222222222222222222222222222202004044001400000014000000140000001400000014000000_FLocalVertexFactory5897CEF715AB93237703E35F9ABEBB43E8E477D34224200000000058000040404040404040404040434343444443434343404040404040404040404343434040404044040404040404040404040404343434444434343434040404040404040404043434340404016101010101000424244444444444444424141414341414141413131414141444341444044444444444444414141414141414141434143414141414141414141414131314444414241444444414101010004443414341414141444444434341434444444404444444444444444444444444444444444444444444444444444444444444444444444444404010101010101010101010101010101010101010101010101210443434343444144444444444444440101010101010101010101010101301434143424141414244414130331313141444444440000250000001000000010000000100000001000000010000000100000001000000010000000100000001000000010000000100000001000000010000000100000001000000010000000100000001000000010000000100000001000000010000000100000001000000025000000100000001000000010000000100000001000000010000000100000001000000010000000100000001000000010000000100000001000000010000000100000001000000010000000100000001000000010000000100000001000000010000000100000000800000008000000080000000800000008000000080000004900000010000000090000000800000010000000100000001000000026000000180000000900000009000000090000000900000009000000090000000900000009000000090000000900000009000000090000000900000009000000090000000900000009000000090000000800000008000000080000000800000008000000080000001C00000009000000090000000900000009000000090000000900000009000000080000000800000008000000080000000800000008000000080000000D000000080000008AAEA467CA114F79008FF26204FF14D1E69C9C360000000000000000000000000000000000000000, ShaderCompilation=261.219757, RunGuid=RunID0E1643E5430DFF6791CBAC8765861AE8
MaterialTransactionIdE24C7A964FE26B24264B1CA065EAFF07_8, CacheKey=MATSM_4F0644619F9C48FF91E0D494C95EB050_PCD3D_SM5_5__BC5N_DEV_SL_NoDBuf_EARLYZ3836080084346F1D0F99885922410F3D1_Num_SM5__0___TBasePassVSFNoLightMapPolicyAtmosphericFog8B18AAF8F9198748E9489BA6EBEFA581D907D7CD2094224222222222222222222222224222222222222222222222222222222222222222222424444444440222222222222222222222244442222222222222222222222222222221240222224222222222222222222222222222222222222222222222222222222000044040000001400000014000000140000001400000014000000_TBasePassVSFNoLightMapPolicy8B18AAF8F9198748E9489BA6EBEFA581D907D7CD2094224222222222222222222222224222222222222222222222222222222222222222222424444444440222222222222222222222244442222222222222222222222222222221240222224222222222222222222222222222222222222222222222222222222000044040000001400000014000000140000001400000014000000_TBasePassPSFNoLightMapPolicy8B95D470BB4BF92A5C22A48B60B9DA18A2BE42522144224222222222222222222222224222222222222222222222222222222222222222222424444444440222222222222222222222244442222222222222222222222222222221240222224222222222222222222222222222222222222222222222222222222222202004044001400000014000000140000001400000014000000_FLocalVertexFactory5897CEF715AB93237703E35F9ABEBB43E8E477D34224200000000058000040404040404040404040434343444443434343404040404040404040404343434040404044040404040404040404040404343434444434343434040404040404040404043434340404016101010101000424244444444444444424141414341414141413131414141444341444044444444444444414141414141414141434143414141414141414141414131314444414241444444414101010004443414341414141444444434341434444444404444444444444444444444444444444444444444444444444444444444444444444444444404010101010101010101010101010101010101010101010101210443434343444144444444444444440101010101010101010101010101301434143424141414244414130331313141444444440000250000001000000010000000100000001000000010000000100000001000000010000000100000001000000010000000100000001000000010000000100000001000000010000000100000001000000010000000100000001000000010000000100000001000000025000000100000001000000010000000100000001000000010000000100000001000000010000000100000001000000010000000100000001000000010000000100000001000000010000000100000001000000010000000100000001000000010000000100000000800000008000000080000000800000008000000080000004900000010000000090000000800000010000000100000001000000026000000180000000900000009000000090000000900000009000000090000000900000009000000090000000900000009000000090000000900000009000000090000000900000009000000090000000800000008000000080000000800000008000000080000001C00000009000000090000000900000009000000090000000900000009000000080000000800000008000000080000000800000008000000080000000D000000080000002488F46F47B12E55A10E1D8E42AAEB79F9E480B00000000000000000000000000000000000000000, ShaderCompilation=279.194031, RunGuid=RunID0E1643E5430DFF6791CBAC8765861AE8
MaterialTransactionIdE24C7A964FE26B24264B1CA065EAFF07_9, CacheKey=MATSM_4F0644619F9C48FF91E0D494C95EB050_PCD3D_SM5_5__BC5N_DEV_SL_NoDBuf_EARLYZ3C077AE0A4EFFEEC1E922E4BB5C8F06C6_Num_SM5__0___TBasePassVSFNoLightMapPolicyAtmosphericFog8B18AAF8F9198748E9489BA6EBEFA581D907D7CD2094224222222222222222222222224222222222222222222222222222222222222222222424444444440222222222222222222222244442222222222222222222222222222221240222224222222222222222222222222222222222222222222222222222222000044040000001400000014000000140000001400000014000000_TBasePassVSFNoLightMapPolicy8B18AAF8F9198748E9489BA6EBEFA581D907D7CD2094224222222222222222222222224222222222222222222222222222222222222222222424444444440222222222222222222222244442222222222222222222222222222221240222224222222222222222222222222222222222222222222222222222222000044040000001400000014000000140000001400000014000000_TBasePassPSFNoLightMapPolicy8B95D470BB4BF92A5C22A48B60B9DA18A2BE42522144224222222222222222222222224222222222222222222222222222222222222222222424444444440222222222222222222222244442222222222222222222222222222221240222224222222222222222222222222222222222222222222222222222222222202004044001400000014000000140000001400000014000000_FLocalVertexFactory5897CEF715AB93237703E35F9ABEBB43E8E477D34224200000000058000040404040404040404040434343444443434343404040404040404040404343434040404044040404040404040404040404343434444434343434040404040404040404043434340404016101010101000424244444444444444424141414341414141413131414141444341444044444444444444414141414141414141434143414141414141414141414131314444414241444444414101010004443414341414141444444434341434444444404444444444444444444444444444444444444444444444444444444444444444444444444404010101010101010101010101010101010101010101010101210443434343444144444444444444440101010101010101010101010101301434143424141414244414130331313141444444440000250000001000000010000000100000001000000010000000100000001000000010000000100000001000000010000000100000001000000010000000100000001000000010000000100000001000000010000000100000001000000010000000100000001000000025000000100000001000000010000000100000001000000010000000100000001000000010000000100000001000000010000000100000001000000010000000100000001000000010000000100000001000000010000000100000001000000010000000100000000800000008000000080000000800000008000000080000004900000010000000090000000800000010000000100000001000000026000000180000000900000009000000090000000900000009000000090000000900000009000000090000000900000009000000090000000900000009000000090000000900000009000000090000000800000008000000080000000800000008000000080000001C00000009000000090000000900000009000000090000000900000009000000080000000800000008000000080000000800000008000000080000000D00000008000000CD725368EA8A5408D020C901DDD27C63EB83BB850000000000000000000000000000000000000000, ShaderCompilation=673.140686, RunGuid=RunID0E1643E5430DFF6791CBAC8765861AE8
MaterialTransactionIdE24C7A964FE26B24264B1CA065EAFF07_10, CacheKey=MATSM_4F0644619F9C48FF91E0D494C95EB050_PCD3D_SM5_5__BC5N_DEV_SL_NoDBuf_EARLYZ3C017CD734296BF8814D420A15443A706_Num_SM5__0___TShadowDepthVSForGSVertexShadowDepth_PerspectiveCorrecttrue4B45B91074D2CFA7ACE4DE03393192218069847A170422422222222222222222222222422222222222222222222222222222222222222222242444444444022222222222222222222224444222222222222222222222222222222124022222222222222222222020040440000001400000014000000140000001400000014000000_TBasePassVSFCachedPointIndirectLightingPolicyAtmosphericFog8B18AAF8F9198748E9489BA6EBEFA581D907D7CD2094224222222222222222222222224222222222222222222222222222222222222222222424444444440222222222222222222222244442222222222222222222222222222221240222224222222222222222222222222222222222222222222222222222222000044040000001400000014000000140000001400000014000000_TBasePassPSTDistanceFieldShadowsAndLightMapPolicyHQSkylight8B95D470BB4BF92A5C22A48B60B9DA18A2BE42522144224222222222222222222222224222222222222222222222222222222222222222222424444444440222222222222222222222244442222222222222222222222222222221240222224222222222222222222222222222222222222222222222222222222222202004044001400000014000000140000001400000014000000_TShadowDepthPSPixelShadowDepth_NonPerspectiveCorrecttrueCAB07D2D95B9FDBA4D93434B857B7D78E9EF61F717742242222222222222222222222242222222222222222222222222222222222222222224244444444402222222222222222222222444422222222222222222222222222222212402222222222222222222222222222000044040000001400000014000000140000001400000014000000_TShadowDepthVSVertexShadowDepth_PerspectiveCorrecttrue4B45B91074D2CFA7ACE4DE03393192218069847A170422422222222222222222222222422222222222222222222222222222222222222222242444444444022222222222222222222224444222222222222222222222222222222124022222222222222222222020040440000001400000014000000140000001400000014000000_TShadowDepthPSPixelShadowDepth_PerspectiveCorrecttrueCAB07D2D95B9FDBA4D93434B857B7D78E9EF61F717742242222222222222222222222242222222222222222222222222222222222222222224244444444402222222222222222222222444422222222222222222222222222222212402222222222222222222222222222000044040000001400000014000000140000001400000014000000_TBasePassPSFCachedPointIndirectLightingPolicySkylight8B95D470BB4BF92A5C22A48B60B9DA18A2BE42522144224222222222222222222222224222222222222222222222222222222222222222222424444444440222222222222222222222244442222222222222222222222222222221240222224222222222222222222222222222222222222222222222222222222222202004044001400000014000000140000001400000014000000_TShadowDepthVSForGSVertexShadowDepth_OutputDepthtrue4B45B91074D2CFA7ACE4DE03393192218069847A170422422222222222222222222222422222222222222222222222222222222222222222242444444444022222222222222222222224444222222222222222222222222222222124022222222222222222222020040440000001400000014000000140000001400000014000000_TShadowDepthPSPixelShadowDepth_OnePassPointLighttrueCAB07D2D95B9FDBA4D93434B857B7D78E9EF61F717742242222222222222222222222242222222222222222222222222222222222222222224244444444402222222222222222222222444422222222222222222222222222222212402222222222222222222222222222000044040000001400000014000000140000001400000014000000_TBasePassPSTDistanceFieldShadowsAndLightMapPolicyHQ8B95D470BB4BF92A5C22A48B60B9DA18A2BE42522144224222222222222222222222224222222222222222222222222222222222222222222424444444440222222222222222222222244442222222222222222222222222222221240222224222222222222222222222222222222222222222222222222222222222202004044001400000014000000140000001400000014000000_TShadowDepthVSVertexShadowDepth_OutputDepthtrue4B45B91074D2CFA7ACE4DE03393192218069847A170422422222222222222222222222422222222222222222222222222222222222222222242444444444022222222222222222222224444222222222222222222222222222222124022222222222222222222020040440000001400000014000000140000001400000014000000_TBasePassVSFCachedPointIndirectLightingPolicy8B18AAF8F9198748E9489BA6EBEFA581D907D7CD2094224222222222222222222222224222222222222222222222222222222222222222222424444444440222222222222222222222244442222222222222222222222222222221240222224222222222222222222222222222222222222222222222222222222000044040000001400000014000000140000001400000014000000_TBasePassPSFCachedPointIndirectLightingPolicy8B95D470BB4BF92A5C22A48B60B9DA18A2BE42522144224222222222222222222222224222222222222222222222222222222222222222222424444444440222222222222222222222244442222222222222222222222222222221240222224222222222222222222222222222222222222222222222222222222222202004044001400000014000000140000001400000014000000_TBasePassVSFNoLightMapPolicyAtmosphericFog8B18AAF8F9198748E9489BA6EBEFA581D907D7CD2094224222222222222222222222224222222222222222222222222222222222222222222424444444440222222222222222222222244442222222222222222222222222222221240222224222222222222222222222222222222222222222222222222222222000044040000001400000014000000140000001400000014000000_TBasePassPSFNoLightMapPolicySkylight8B95D470BB4BF92A5C22A48B60B9DA18A2BE42522144224222222222222222222222224222222222222222222222222222222222222222222424444444440222222222222222222222244442222222222222222222222222222221240222224222222222222222222222222222222222222222222222222222222222202004044001400000014000000140000001400000014000000_TBasePassVSFNoLightMapPolicy8B18AAF8F9198748E9489BA6EBEFA581D907D7CD2094224222222222222222222222224222222222222222222222222222222222222222222424444444440222222222222222222222244442222222222222222222222222222221240222224222222222222222222222222222222222222222222222222222222000044040000001400000014000000140000001400000014000000_TBasePassPSFNoLightMapPolicy8B95D470BB4BF92A5C22A48B60B9DA18A2BE42522144224222222222222222222222224222222222222222222222222222222222222222222424444444440222222222222222222222244442222222222222222222222222222221240222224222222222222222222222222222222222222222222222222222222222202004044001400000014000000140000001400000014000000_FLocalVertexFactory5897CEF715AB93237703E35F9ABEBB43E8E477D3422420000000006400004040404040404040404043434344444343434340404040404040404040434343404040404404040404040404040404040434343444443434343404040404040404040404343434040401610101010100042424444444444444442414141434141414141313141414144434144404444444444444441414141414141414143414341414141414141414141413131444441424144444441410101000444341434141414144444443434143444444440444444444444444444444444444444444444444444444444444444444444444444444444440401010101010101010101010101010101010101010101010121044343434344414444444444444444010101010101010101010101010130143414342414141424441413033131314144444444004444443432121414141414141414141414140223414141414141414141250000001000000010000000100000001000000010000000100000001000000010000000100000001000000010000000100000001000000010000000100000001000000010000000100000001000000010000000100000001000000010000000100000001000000025000000100000001000000010000000100000001000000010000000100000001000000010000000100000001000000010000000100000001000000010000000100000001000000010000000100000001000000010000000100000001000000010000000100000000800000008000000080000000800000008000000080000004900000010000000090000000800000010000000100000001000000026000000180000000900000009000000090000000900000009000000090000000900000009000000090000000900000009000000090000000900000009000000090000000900000009000000090000000800000008000000080000000800000008000000080000001C00000009000000090000000900000009000000090000000900000009000000080000000800000008000000080000000800000008000000080000000D0000000800000013000000100000000A000000CD725368EA8A5408D020C901DDD27C63EB83BB850000000000000000000000000000000000000000, ShaderCompilation=1229.543945, RunGuid=RunID0E1643E5430DFF6791CBAC8765861AE8
MaterialTransactionIdE24C7A964FE26B24264B1CA065EAFF07_11, CacheKey=MATSM_4F0644619F9C48FF91E0D494C95EB050_PCD3D_SM5_5__BC5N_DEV_SL_NoDBuf_EARLYZ3F22246BA412576B83617C2BC23D37271_Num_SM5__0___TBasePassVSTDistanceFieldShadowsAndLightMapPolicyHQAtmosphericFog8B18AAF8F9198748E9489BA6EBEFA581D907D7CD2094224222222222222222222222224222222222222222222222222222222222222222222424444444440222222222222222222222244442222222222222222222222222222221240222224222222222222222222222222222222222222222222222222222222000044040000001400000014000000140000001400000014000000_TBasePassVSFCachedVolumeIndirectLightingPolicyAtmosphericFog8B18AAF8F9198748E9489BA6EBEFA581D907D7CD2094224222222222222222222222224222222222222222222222222222222222222222222424444444440222222222222222222222244442222222222222222222222222222221240222224222222222222222222222222222222222222222222222222222222000044040000001400000014000000140000001400000014000000_TShadowDepthVSForGSVertexShadowDepth_PerspectiveCorrecttrue4B45B91074D2CFA7ACE4DE03393192218069847A170422422222222222222222222222422222222222222222222222222222222222222222242444444444022222222222222222222224444222222222222222222222222222222124022222222222222222222020040440000001400000014000000140000001400000014000000_TBasePassVSFCachedPointIndirectLightingPolicyAtmosphericFog8B18AAF8F9198748E9489BA6EBEFA581D907D7CD2094224222222222222222222222224222222222222222222222222222222222222222222424444444440222222222222222222222244442222222222222222222222222222221240222224222222222222222222222222222222222222222222222222222222000044040000001400000014000000140000001400000014000000_TBasePassPSTDistanceFieldShadowsAndLightMapPolicyHQSkylight8B95D470BB4BF92A5C22A48B60B9DA18A2BE42522144224222222222222222222222224222222222222222222222222222222222222222222424444444440222222222222222222222244442222222222222222222222222222221240222224222222222222222222222222222222222222222222222222222222222202004044001400000014000000140000001400000014000000_TShadowDepthPSPixelShadowDepth_NonPerspectiveCorrecttrueCAB07D2D95B9FDBA4D93434B857B7D78E9EF61F717742242222222222222222222222242222222222222222222222222222222222222222224244444444402222222222222222222222444422222222222222222222222222222212402222222222222222222222222222000044040000001400000014000000140000001400000014000000_TShadowDepthVSVertexShadowDepth_PerspectiveCorrecttrue4B45B91074D2CFA7ACE4DE03393192218069847A170422422222222222222222222222422222222222222222222222222222222222222222242444444444022222222222222222222224444222222222222222222222222222222124022222222222222222222020040440000001400000014000000140000001400000014000000_TBasePassPSFCachedVolumeIndirectLightingPolicySkylight8B95D470BB4BF92A5C22A48B60B9DA18A2BE42522144224222222222222222222222224222222222222222222222222222222222222222222424444444440222222222222222222222244442222222222222222222222222222221240222224222222222222222222222222222222222222222222222222222222222202004044001400000014000000140000001400000014000000_TShadowDepthPSPixelShadowDepth_PerspectiveCorrecttrueCAB07D2D95B9FDBA4D93434B857B7D78E9EF61F717742242222222222222222222222242222222222222222222222222222222222222222224244444444402222222222222222222222444422222222222222222222222222222212402222222222222222222222222222000044040000001400000014000000140000001400000014000000_TBasePassVSFSimpleDynamicLightingPolicyAtmosphericFog8B18AAF8F9198748E9489BA6EBEFA581D907D7CD2094224222222222222222222222224222222222222222222222222222222222222222222424444444440222222222222222222222244442222222222222222222222222222221240222224222222222222222222222222222222222222222222222222222222000044040000001400000014000000140000001400000014000000_TBasePassPSFCachedPointIndirectLightingPolicySkylight8B95D470BB4BF92A5C22A48B60B9DA18A2BE42522144224222222222222222222222224222222222222222222222222222222222222222222424444444440222222222222222222222244442222222222222222222222222222221240222224222222222222222222222222222222222222222222222222222222222202004044001400000014000000140000001400000014000000_TShadowDepthVSForGSVertexShadowDepth_OutputDepthtrue4B45B91074D2CFA7ACE4DE03393192218069847A170422422222222222222222222222422222222222222222222222222222222222222222242444444444022222222222222222222224444222222222222222222222222222222124022222222222222222222020040440000001400000014000000140000001400000014000000_TShadowDepthPSPixelShadowDepth_OnePassPointLighttrueCAB07D2D95B9FDBA4D93434B857B7D78E9EF61F717742242222222222222222222222242222222222222222222222222222222222222222224244444444402222222222222222222222444422222222222222222222222222222212402222222222222222222222222222000044040000001400000014000000140000001400000014000000_TBasePassVSTDistanceFieldShadowsAndLightMapPolicyHQ8B18AAF8F9198748E9489BA6EBEFA581D907D7CD2094224222222222222222222222224222222222222222222222222222222222222222222424444444440222222222222222222222244442222222222222222222222222222221240222224222222222222222222222222222222222222222222222222222222000044040000001400000014000000140000001400000014000000_TBasePassPSTDistanceFieldShadowsAndLightMapPolicyHQ8B95D470BB4BF92A5C22A48B60B9DA18A2BE42522144224222222222222222222222224222222222222222222222222222222222222222222424444444440222222222222222222222244442222222222222222222222222222221240222224222222222222222222222222222222222222222222222222222222222202004044001400000014000000140000001400000014000000_TShadowDepthVSVertexShadowDepth_OutputDepthtrue4B45B91074D2CFA7ACE4DE03393192218069847A170422422222222222222222222222422222222222222222222222222222222222222222242444444444022222222222222222222224444222222222222222222222222222222124022222222222222222222020040440000001400000014000000140000001400000014000000_TBasePassPSFSimpleDynamicLightingPolicySkylight8B95D470BB4BF92A5C22A48B60B9DA18A2BE42522144224222222222222222222222224222222222222222222222222222222222222222222424444444440222222222222222222222244442222222222222222222222222222221240222224222222222222222222222222222222222222222222222222222222222202004044001400000014000000140000001400000014000000_TBasePassVSFCachedVolumeIndirectLightingPolicy8B18AAF8F9198748E9489BA6EBEFA581D907D7CD2094224222222222222222222222224222222222222222222222222222222222222222222424444444440222222222222222222222244442222222222222222222222222222221240222224222222222222222222222222222222222222222222222222222222000044040000001400000014000000140000001400000014000000_TBasePassPSFCachedVolumeIndirectLightingPolicy8B95D470BB4BF92A5C22A48B60B9DA18A2BE42522144224222222222222222222222224222222222222222222222222222222222222222222424444444440222222222222222222222244442222222222222222222222222222221240222224222222222222222222222222222222222222222222222222222222222202004044001400000014000000140000001400000014000000_TBasePassVSFCachedPointIndirectLightingPolicy8B18AAF8F9198748E9489BA6EBEFA581D907D7CD2094224222222222222222222222224222222222222222222222222222222222222222222424444444440222222222222222222222244442222222222222222222222222222221240222224222222222222222222222222222222222222222222222222222222000044040000001400000014000000140000001400000014000000_TBasePassPSFCachedPointIndirectLightingPolicy8B95D470BB4BF92A5C22A48B60B9DA18A2BE42522144224222222222222222222222224222222222222222222222222222222222222222222424444444440222222222222222222222244442222222222222222222222222222221240222224222222222222222222222222222222222222222222222222222222222202004044001400000014000000140000001400000014000000_TBasePassVSTLightMapPolicyLQAtmosphericFog8B18AAF8F9198748E9489BA6EBEFA581D907D7CD2094224222222222222222222222224222222222222222222222222222222222222222222424444444440222222222222222222222244442222222222222222222222222222221240222224222222222222222222222222222222222222222222222222222222000044040000001400000014000000140000001400000014000000_TBasePassVSTLightMapPolicyHQAtmosphericFog8B18AAF8F9198748E9489BA6EBEFA581D907D7CD2094224222222222222222222222224222222222222222222222222222222222222222222424444444440222222222222222222222244442222222222222222222222222222221240222224222222222222222222222222222222222222222222222222222222000044040000001400000014000000140000001400000014000000_TBasePassVSFNoLightMapPolicyAtmosphericFog8B18AAF8F9198748E9489BA6EBEFA581D907D7CD2094224222222222222222222222224222222222222222222222222222222222222222222424444444440222222222222222222222244442222222222222222222222222222221240222224222222222222222222222222222222222222222222222222222222000044040000001400000014000000140000001400000014000000_TBasePassVSFSimpleDynamicLightingPolicy8B18AAF8F9198748E9489BA6EBEFA581D907D7CD2094224222222222222222222222224222222222222222222222222222222222222222222424444444440222222222222222222222244442222222222222222222222222222221240222224222222222222222222222222222222222222222222222222222222000044040000001400000014000000140000001400000014000000_TBasePassPSFSimpleDynamicLightingPolicy8B95D470BB4BF92A5C22A48B60B9DA18A2BE42522144224222222222222222222222224222222222222222222222222222222222222222222424444444440222222222222222222222244442222222222222222222222222222221240222224222222222222222222222222222222222222222222222222222222222202004044001400000014000000140000001400000014000000_TBasePassPSTLightMapPolicyLQSkylight8B95D470BB4BF92A5C22A48B60B9DA18A2BE42522144224222222222222222222222224222222222222222222222222222222222222222222424444444440222222222222222222222244442222222222222222222222222222221240222224222222222222222222222222222222222222222222222222222222222202004044001400000014000000140000001400000014000000_TBasePassPSTLightMapPolicyHQSkylight8B95D470BB4BF92A5C22A48B60B9DA18A2BE42522144224222222222222222222222224222222222222222222222222222222222222222222424444444440222222222222222222222244442222222222222222222222222222221240222224222222222222222222222222222222222222222222222222222222222202004044001400000014000000140000001400000014000000_TBasePassPSFNoLightMapPolicySkylight8B95D470BB4BF92A5C22A48B60B9DA18A2BE42522144224222222222222222222222224222222222222222222222222222222222222222222424444444440222222222222222222222244442222222222222222222222222222221240222224222222222222222222222222222222222222222222222222222222222202004044001400000014000000140000001400000014000000_TBasePassVSTLightMapPolicyLQ8B18AAF8F9198748E9489BA6EBEFA581D907D7CD2094224222222222222222222222224222222222222222222222222222222222222222222424444444440222222222222222222222244442222222222222222222222222222221240222224222222222222222222222222222222222222222222222222222222000044040000001400000014000000140000001400000014000000_TBasePassVSTLightMapPolicyHQ8B18AAF8F9198748E9489BA6EBEFA581D907D7CD2094224222222222222222222222224222222222222222222222222222222222222222222424444444440222222222222222222222244442222222222222222222222222222221240222224222222222222222222222222222222222222222222222222222222000044040000001400000014000000140000001400000014000000_TBasePassVSFNoLightMapPolicy8B18AAF8F9198748E9489BA6EBEFA581D907D7CD2094224222222222222222222222224222222222222222222222222222222222222222222424444444440222222222222222222222244442222222222222222222222222222221240222224222222222222222222222222222222222222222222222222222222000044040000001400000014000000140000001400000014000000_TBasePassPSTLightMapPolicyLQ8B95D470BB4BF92A5C22A48B60B9DA18A2BE42522144224222222222222222222222224222222222222222222222222222222222222222222424444444440222222222222222222222244442222222222222222222222222222221240222224222222222222222222222222222222222222222222222222222222222202004044001400000014000000140000001400000014000000_TBasePassPSTLightMapPolicyHQ8B95D470BB4BF92A5C22A48B60B9DA18A2BE42522144224222222222222222222222224222222222222222222222222222222222222222222424444444440222222222222222222222244442222222222222222222222222222221240222224222222222222222222222222222222222222222222222222222222222202004044001400000014000000140000001400000014000000_TBasePassPSFNoLightMapPolicy8B95D470BB4BF92A5C22A48B60B9DA18A2BE42522144224222222222222222222222224222222222222222222222222222222222222222222424444444440222222222222222222222244442222222222222222222222222222221240222224222222222222222222222222222222222222222222222222222222222202004044001400000014000000140000001400000014000000_FEvaluateSurfelMaterialCS6258113C2EBBF117ED7778A8D1717F7C4F99C7B816742242222222222222222222222242222222222222222222222222222222222222222224244444444402222222222222222222222444422222222222222222222222222222222222222222222222222220000440414000000140000001400000014000000_FLandscapeGrassWeightVS13EE43FECCCB2FA4D36DD12857B86FDBF81C467215542242222222222222222222222242222222222222222222222222222222222222222224244444444402222222222222222222222444422222222222222222222222222222212402222220000440400001400000014000000140000001400000014000000_FLandscapeGrassWeightPS13EE43FECCCB2FA4D36DD12857B86FDBF81C467215542242222222222222222222222242222222222222222222222222222222222222222224244444444402222222222222222222222444422222222222222222222222222222212402222220000440400001400000014000000140000001400000014000000_FConvertToUniformMeshVSE7DF727A12438F2D529D6604B0B1C022849CCFEB152422422222222222222222222222422222222222222222222222222222222222222222242444444444022222222222222222222224444222222222222222222222222222222124022020040441400000014000000140000001400000014000000_FConvertToUniformMeshGSE7DF727A12438F2D529D6604B0B1C022849CCFEB152422422222222222222222222222422222222222222222222222222222222222222222242444444444022222222222222222222224444222222222222222222222222222222124022020040441400000014000000140000001400000014000000_FLandscapeXYOffsetVertexFactoryE26C36EDFA93C6ED3AFFB36899EB78836EF9C5EE202222222222222222222200000072222220200_FLandscapeVertexFactoryE26C36EDFA93C6ED3AFFB36899EB78836EF9C5EE202222222222222222222200000072222220200_FLocalVertexFactory5897CEF715AB93237703E35F9ABEBB43E8E477D34224200000000065500040404040404040404040434343444443434343404040404040404040404343434040404044040404040404040404040404343434444434343434040404040404040404043434340404016101010101000424244444444444444424141414341414141413131414141444341444044444444444444414141414141414141434143414141414141414141414131314444414241444444414101010004443414341414141444444434341434444444404444444444444444444444444444444444444444444444444444444444444444444444444404010101010101010101010101010101010101010101010101210443434343444144444444444444440101010101010101010101010101301434143424141414244414130331313141444444440044444434321214141414141414141414141402234141414141414141414744444444440404250000001000000010000000100000001000000010000000100000001000000010000000100000001000000010000000100000001000000010000000100000001000000010000000100000001000000010000000100000001000000010000000100000001000000025000000100000001000000010000000100000001000000010000000100000001000000010000000100000001000000010000000100000001000000010000000100000001000000010000000100000001000000010000000100000001000000010000000100000000800000008000000080000000800000008000000080000004900000010000000090000000800000010000000100000001000000026000000180000000900000009000000090000000900000009000000090000000900000009000000090000000900000009000000090000000900000009000000090000000900000009000000090000000800000008000000080000000800000008000000080000001C00000009000000090000000900000009000000090000000900000009000000080000000800000008000000080000000800000008000000080000000D0000000800000013000000100000000A00000010000000CD725368EA8A5408D020C901DDD27C63EB83BB850000000000000000000000000000000000000000, RunGuid=RunID0E1643E5430DFF6791CBAC8765861AE8
MaterialTransactionIdE24C7A964FE26B24264B1CA065EAFF07_12, CacheKey=MATSM_4F0644619F9C48FF91E0D494C95EB050_PCD3D_SM5_5__BC5N_DEV_SL_NoDBuf_EARLYZ3F1C972ED4432519AD88D4181CAF1969B_Num_SM5__0___TBasePassVSTDistanceFieldShadowsAndLightMapPolicyHQAtmosphericFog8B18AAF8F9198748E9489BA6EBEFA581D907D7CD2094224222222222222222222222224222222222222222222222222222222222222222222424444444440222222222222222222222244442222222222222222222222222222221240222224222222222222222222222222222222222222222222222222222222000044040000001400000014000000140000001400000014000000_TBasePassVSFCachedVolumeIndirectLightingPolicyAtmosphericFog8B18AAF8F9198748E9489BA6EBEFA581D907D7CD2094224222222222222222222222224222222222222222222222222222222222222222222424444444440222222222222222222222244442222222222222222222222222222221240222224222222222222222222222222222222222222222222222222222222000044040000001400000014000000140000001400000014000000_TShadowDepthVSForGSVertexShadowDepth_PerspectiveCorrecttrue4B45B91074D2CFA7ACE4DE03393192218069847A170422422222222222222222222222422222222222222222222222222222222222222222242444444444022222222222222222222224444222222222222222222222222222222124022222222222222222222020040440000001400000014000000140000001400000014000000_TBasePassVSFCachedPointIndirectLightingPolicyAtmosphericFog8B18AAF8F9198748E9489BA6EBEFA581D907D7CD2094224222222222222222222222224222222222222222222222222222222222222222222424444444440222222222222222222222244442222222222222222222222222222221240222224222222222222222222222222222222222222222222222222222222000044040000001400000014000000140000001400000014000000_TBasePassPSTDistanceFieldShadowsAndLightMapPolicyHQSkylight8B95D470BB4BF92A5C22A48B60B9DA18A2BE42522144224222222222222222222222224222222222222222222222222222222222222222222424444444440222222222222222222222244442222222222222222222222222222221240222224222222222222222222222222222222222222222222222222222222222202004044001400000014000000140000001400000014000000_TShadowDepthPSPixelShadowDepth_NonPerspectiveCorrecttrueCAB07D2D95B9FDBA4D93434B857B7D78E9EF61F717742242222222222222222222222242222222222222222222222222222222222222222224244444444402222222222222222222222444422222222222222222222222222222212402222222222222222222222222222000044040000001400000014000000140000001400000014000000_TShadowDepthVSVertexShadowDepth_PerspectiveCorrecttrue4B45B91074D2CFA7ACE4DE03393192218069847A170422422222222222222222222222422222222222222222222222222222222222222222242444444444022222222222222222222224444222222222222222222222222222222124022222222222222222222020040440000001400000014000000140000001400000014000000_TBasePassPSFCachedVolumeIndirectLightingPolicySkylight8B95D470BB4BF92A5C22A48B60B9DA18A2BE42522144224222222222222222222222224222222222222222222222222222222222222222222424444444440222222222222222222222244442222222222222222222222222222221240222224222222222222222222222222222222222222222222222222222222222202004044001400000014000000140000001400000014000000_TShadowDepthPSPixelShadowDepth_PerspectiveCorrecttrueCAB07D2D95B9FDBA4D93434B857B7D78E9EF61F717742242222222222222222222222242222222222222222222222222222222222222222224244444444402222222222222222222222444422222222222222222222222222222212402222222222222222222222222222000044040000001400000014000000140000001400000014000000_TBasePassVSFSimpleDynamicLightingPolicyAtmosphericFog8B18AAF8F9198748E9489BA6EBEFA581D907D7CD2094224222222222222222222222224222222222222222222222222222222222222222222424444444440222222222222222222222244442222222222222222222222222222221240222224222222222222222222222222222222222222222222222222222222000044040000001400000014000000140000001400000014000000_TBasePassPSFCachedPointIndirectLightingPolicySkylight8B95D470BB4BF92A5C22A48B60B9DA18A2BE42522144224222222222222222222222224222222222222222222222222222222222222222222424444444440222222222222222222222244442222222222222222222222222222221240222224222222222222222222222222222222222222222222222222222222222202004044001400000014000000140000001400000014000000_TShadowDepthVSForGSVertexShadowDepth_OutputDepthtrue4B45B91074D2CFA7ACE4DE03393192218069847A170422422222222222222222222222422222222222222222222222222222222222222222242444444444022222222222222222222224444222222222222222222222222222222124022222222222222222222020040440000001400000014000000140000001400000014000000_TShadowDepthPSPixelShadowDepth_OnePassPointLighttrueCAB07D2D95B9FDBA4D93434B857B7D78E9EF61F717742242222222222222222222222242222222222222222222222222222222222222222224244444444402222222222222222222222444422222222222222222222222222222212402222222222222222222222222222000044040000001400000014000000140000001400000014000000_TBasePassVSTDistanceFieldShadowsAndLightMapPolicyHQ8B18AAF8F9198748E9489BA6EBEFA581D907D7CD2094224222222222222222222222224222222222222222222222222222222222222222222424444444440222222222222222222222244442222222222222222222222222222221240222224222222222222222222222222222222222222222222222222222222000044040000001400000014000000140000001400000014000000_TBasePassPSTDistanceFieldShadowsAndLightMapPolicyHQ8B95D470BB4BF92A5C22A48B60B9DA18A2BE42522144224222222222222222222222224222222222222222222222222222222222222222222424444444440222222222222222222222244442222222222222222222222222222221240222224222222222222222222222222222222222222222222222222222222222202004044001400000014000000140000001400000014000000_TShadowDepthVSVertexShadowDepth_OutputDepthtrue4B45B91074D2CFA7ACE4DE03393192218069847A170422422222222222222222222222422222222222222222222222222222222222222222242444444444022222222222222222222224444222222222222222222222222222222124022222222222222222222020040440000001400000014000000140000001400000014000000_TBasePassPSFSimpleDynamicLightingPolicySkylight8B95D470BB4BF92A5C22A48B60B9DA18A2BE42522144224222222222222222222222224222222222222222222222222222222222222222222424444444440222222222222222222222244442222222222222222222222222222221240222224222222222222222222222222222222222222222222222222222222222202004044001400000014000000140000001400000014000000_TBasePassVSFCachedVolumeIndirectLightingPolicy8B18AAF8F9198748E9489BA6EBEFA581D907D7CD2094224222222222222222222222224222222222222222222222222222222222222222222424444444440222222222222222222222244442222222222222222222222222222221240222224222222222222222222222222222222222222222222222222222222000044040000001400000014000000140000001400000014000000_TBasePassPSFCachedVolumeIndirectLightingPolicy8B95D470BB4BF92A5C22A48B60B9DA18A2BE42522144224222222222222222222222224222222222222222222222222222222222222222222424444444440222222222222222222222244442222222222222222222222222222221240222224222222222222222222222222222222222222222222222222222222222202004044001400000014000000140000001400000014000000_TBasePassVSFCachedPointIndirectLightingPolicy8B18AAF8F9198748E9489BA6EBEFA581D907D7CD2094224222222222222222222222224222222222222222222222222222222222222222222424444444440222222222222222222222244442222222222222222222222222222221240222224222222222222222222222222222222222222222222222222222222000044040000001400000014000000140000001400000014000000_TBasePassPSFCachedPointIndirectLightingPolicy8B95D470BB4BF92A5C22A48B60B9DA18A2BE42522144224222222222222222222222224222222222222222222222222222222222222222222424444444440222222222222222222222244442222222222222222222222222222221240222224222222222222222222222222222222222222222222222222222222222202004044001400000014000000140000001400000014000000_TBasePassVSTLightMapPolicyLQAtmosphericFog8B18AAF8F9198748E9489BA6EBEFA581D907D7CD2094224222222222222222222222224222222222222222222222222222222222222222222424444444440222222222222222222222244442222222222222222222222222222221240222224222222222222222222222222222222222222222222222222222222000044040000001400000014000000140000001400000014000000_TBasePassVSTLightMapPolicyHQAtmosphericFog8B18AAF8F9198748E9489BA6EBEFA581D907D7CD2094224222222222222222222222224222222222222222222222222222222222222222222424444444440222222222222222222222244442222222222222222222222222222221240222224222222222222222222222222222222222222222222222222222222000044040000001400000014000000140000001400000014000000_TBasePassVSFNoLightMapPolicyAtmosphericFog8B18AAF8F9198748E9489BA6EBEFA581D907D7CD2094224222222222222222222222224222222222222222222222222222222222222222222424444444440222222222222222222222244442222222222222222222222222222221240222224222222222222222222222222222222222222222222222222222222000044040000001400000014000000140000001400000014000000_TBasePassVSFSimpleDynamicLightingPolicy8B18AAF8F9198748E9489BA6EBEFA581D907D7CD2094224222222222222222222222224222222222222222222222222222222222222222222424444444440222222222222222222222244442222222222222222222222222222221240222224222222222222222222222222222222222222222222222222222222000044040000001400000014000000140000001400000014000000_TBasePassPSFSimpleDynamicLightingPolicy8B95D470BB4BF92A5C22A48B60B9DA18A2BE42522144224222222222222222222222224222222222222222222222222222222222222222222424444444440222222222222222222222244442222222222222222222222222222221240222224222222222222222222222222222222222222222222222222222222222202004044001400000014000000140000001400000014000000_TBasePassPSTLightMapPolicyLQSkylight8B95D470BB4BF92A5C22A48B60B9DA18A2BE42522144224222222222222222222222224222222222222222222222222222222222222222222424444444440222222222222222222222244442222222222222222222222222222221240222224222222222222222222222222222222222222222222222222222222222202004044001400000014000000140000001400000014000000_TBasePassPSTLightMapPolicyHQSkylight8B95D470BB4BF92A5C22A48B60B9DA18A2BE42522144224222222222222222222222224222222222222222222222222222222222222222222424444444440222222222222222222222244442222222222222222222222222222221240222224222222222222222222222222222222222222222222222222222222222202004044001400000014000000140000001400000014000000_TBasePassPSFNoLightMapPolicySkylight8B95D470BB4BF92A5C22A48B60B9DA18A2BE42522144224222222222222222222222224222222222222222222222222222222222222222222424444444440222222222222222222222244442222222222222222222222222222221240222224222222222222222222222222222222222222222222222222222222222202004044001400000014000000140000001400000014000000_TBasePassVSTLightMapPolicyLQ8B18AAF8F9198748E9489BA6EBEFA581D907D7CD2094224222222222222222222222224222222222222222222222222222222222222222222424444444440222222222222222222222244442222222222222222222222222222221240222224222222222222222222222222222222222222222222222222222222000044040000001400000014000000140000001400000014000000_TBasePassVSTLightMapPolicyHQ8B18AAF8F9198748E9489BA6EBEFA581D907D7CD2094224222222222222222222222224222222222222222222222222222222222222222222424444444440222222222222222222222244442222222222222222222222222222221240222224222222222222222222222222222222222222222222222222222222000044040000001400000014000000140000001400000014000000_TBasePassVSFNoLightMapPolicy8B18AAF8F9198748E9489BA6EBEFA581D907D7CD2094224222222222222222222222224222222222222222222222222222222222222222222424444444440222222222222222222222244442222222222222222222222222222221240222224222222222222222222222222222222222222222222222222222222000044040000001400000014000000140000001400000014000000_TBasePassPSTLightMapPolicyLQ8B95D470BB4BF92A5C22A48B60B9DA18A2BE42522144224222222222222222222222224222222222222222222222222222222222222222222424444444440222222222222222222222244442222222222222222222222222222221240222224222222222222222222222222222222222222222222222222222222222202004044001400000014000000140000001400000014000000_TBasePassPSTLightMapPolicyHQ8B95D470BB4BF92A5C22A48B60B9DA18A2BE42522144224222222222222222222222224222222222222222222222222222222222222222222424444444440222222222222222222222244442222222222222222222222222222221240222224222222222222222222222222222222222222222222222222222222222202004044001400000014000000140000001400000014000000_TBasePassPSFNoLightMapPolicy8B95D470BB4BF92A5C22A48B60B9DA18A2BE42522144224222222222222222222222224222222222222222222222222222222222222222222424444444440222222222222222222222244442222222222222222222222222222221240222224222222222222222222222222222222222222222222222222222222222202004044001400000014000000140000001400000014000000_FEvaluateSurfelMaterialCS6258113C2EBBF117ED7778A8D1717F7C4F99C7B816742242222222222222222222222242222222222222222222222222222222222222222224244444444402222222222222222222222444422222222222222222222222222222222222222222222222222220000440414000000140000001400000014000000_FLandscapeGrassWeightVS13EE43FECCCB2FA4D36DD12857B86FDBF81C467215542242222222222222222222222242222222222222222222222222222222222222222224244444444402222222222222222222222444422222222222222222222222222222212402222220000440400001400000014000000140000001400000014000000_FLandscapeGrassWeightPS13EE43FECCCB2FA4D36DD12857B86FDBF81C467215542242222222222222222222222242222222222222222222222222222222222222222224244444444402222222222222222222222444422222222222222222222222222222212402222220000440400001400000014000000140000001400000014000000_FConvertToUniformMeshVSE7DF727A12438F2D529D6604B0B1C022849CCFEB152422422222222222222222222222422222222222222222222222222222222222222222242444444444022222222222222222222224444222222222222222222222222222222124022020040441400000014000000140000001400000014000000_FConvertToUniformMeshGSE7DF727A12438F2D529D6604B0B1C022849CCFEB152422422222222222222222222222422222222222222222222222222222222222222222242444444444022222222222222222222224444222222222222222222222222222222124022020040441400000014000000140000001400000014000000_FLandscapeXYOffsetVertexFactoryE26C36EDFA93C6ED3AFFB36899EB78836EF9C5EE202222222222222222222200000072222220200_FLandscapeVertexFactoryE26C36EDFA93C6ED3AFFB36899EB78836EF9C5EE202222222222222222222200000072222220200_FLocalVertexFactory5897CEF715AB93237703E35F9ABEBB43E8E477D34224200000000065500040404040404040404040434343444443434343404040404040404040404343434040404044040404040404040404040404343434444434343434040404040404040404043434340404016101010101000424244444444444444424141414341414141413131414141444341444044444444444444414141414141414141434143414141414141414141414131314444414241444444414101010004443414341414141444444434341434444444404444444444444444444444444444444444444444444444444444444444444444444444444404010101010101010101010101010101010101010101010101210443434343444144444444444444440101010101010101010101010101301434143424141414244414130331313141444444440044444434321214141414141414141414141402234141414141414141414744444444440404250000001000000010000000100000001000000010000000100000001000000010000000100000001000000010000000100000001000000010000000100000001000000010000000100000001000000010000000100000001000000010000000100000001000000025000000100000001000000010000000100000001000000010000000100000001000000010000000100000001000000010000000100000001000000010000000100000001000000010000000100000001000000010000000100000001000000010000000100000000800000008000000080000000800000008000000080000004900000010000000090000000800000010000000100000001000000026000000180000000900000009000000090000000900000009000000090000000900000009000000090000000900000009000000090000000900000009000000090000000900000009000000090000000800000008000000080000000800000008000000080000001C00000009000000090000000900000009000000090000000900000009000000080000000800000008000000080000000800000008000000080000000D0000000800000013000000100000000A00000010000000CD725368EA8A5408D020C901DDD27C63EB83BB850000000000000000000000000000000000000000, ShaderCompilation=9219.544922, RunGuid=RunID0E1643E5430DFF6791CBAC8765861AE8
DDCTransactionId9AC378F04DB0B3691D1AD28AA4F95A04_0, PutCachedData=, CacheKey=MATSM_4F0644619F9C48FF91E0D494C95EB050_PCD3D_SM5_5__BC5N_DEV_SL_NoDBuf_EARLYZ3__B007E617A9D555F1985B2C5425BB8EFD15429411, StartTime=2016.10.26-19.07.07, HierarchicalDDC=, DataSize=579085, Duration=3.452647, RunGuid=RunID0E1643E5430DFF6791CBAC8765861AE8
DDCTransactionIdC32ACB524B2017AFB55057A96D6E0A9D_0, BuildTexture=, CacheKey=TEXTURE_814DCC3DC72143F49509781513CB9855_G8_741E577C47FE4A6E1F94AE90662FF115_07_0000803F0000803F0000803F000000000000803F00000000000000000000803F0000000000000000020000000D000000000000000101000000040000803FFFFFFFFF00000000FF00FF00FFFF8180803B, StartTime=2016.10.26-19.07.10, Duration=0.692926, RunGuid=RunID0E1643E5430DFF6791CBAC8765861AE8
DDCTransactionId92CCB94648EFD2370B767284055FB1F2_0, PutCachedData=, CacheKey=TEXTURE_814DCC3DC72143F49509781513CB9855_G8_741E577C47FE4A6E1F94AE90662FF115_0__73773D5A3D8B08EF3245A9DE4D116D2523F62400, StartTime=2016.10.26-19.07.10, HierarchicalDDC=, DataSize=16687, Duration=2.640456, RunGuid=RunID0E1643E5430DFF6791CBAC8765861AE8
DDCTransactionIdC32ACB524B2017AFB55057A96D6E0A9D_1, BuildTexture=, CacheKey=TEXTURE_814DCC3DC72143F49509781513CB9855_BGRA8_3FBA80DD4B584DC85038FD91517B3940_07_0000803F0000803F0000803F000000000000803F00000000000000000000803F0000000000000000020000000E000000000000000101000000040000803FFFFFFFFF00000000FF00FF00FFFF8180803B, StartTime=2016.10.26-19.07.20, Duration=18.639658, RunGuid=RunID0E1643E5430DFF6791CBAC8765861AE8
DDCTransactionId5094A6E44DE889306C94A5B03ED42216_0, PutCachedData=, CacheKey=TEXTURE_814DCC3DC72143F49509781513CB9855_BGRA8_3FBA80DD4B584DC85038FD91517B394__CB9909CB98AD4173606556CF2DDBCC09C2609112, StartTime=2016.10.26-19.07.20, HierarchicalDDC=, DataSize=1048837, Duration=7.712647, RunGuid=RunID0E1643E5430DFF6791CBAC8765861AE8
DDCTransactionId92CCB94648EFD2370B767284055FB1F2_1, PutCachedData=, CacheKey=TEXTURE_814DCC3DC72143F49509781513CB9855_BGRA8_3FBA80DD4B584DC85038FD91517B394__5F96FE198640D33FE3F55F0295E0D3F0C846CA2E, StartTime=2016.10.26-19.07.20, HierarchicalDDC=, DataSize=262405, Duration=5.429998, RunGuid=RunID0E1643E5430DFF6791CBAC8765861AE8
DDCTransactionId21D3B7C348917AB833F082B11205F340_0, PutCachedData=, CacheKey=TEXTURE_814DCC3DC72143F49509781513CB9855_BGRA8_3FBA80DD4B584DC85038FD91517B394__089D1BD77C785D2232FE8A210824F6D8E1095B5F, StartTime=2016.10.26-19.07.20, HierarchicalDDC=, DataSize=65797, Duration=5.723324, RunGuid=RunID0E1643E5430DFF6791CBAC8765861AE8
DDCTransactionIdC4DE1F484EBDCF9711C2128187F342CC_0, PutCachedData=, CacheKey=TEXTURE_814DCC3DC72143F49509781513CB9855_BGRA8_3FBA80DD4B584DC85038FD91517B394__9221365C47488DAFA5ACAD488E11162CC8B0AAF0, StartTime=2016.10.26-19.07.20, HierarchicalDDC=, DataSize=23251, Duration=4.174881, RunGuid=RunID0E1643E5430DFF6791CBAC8765861AE8
DDCTransactionIdC4DE1F484EBDCF9711C2128187F342CC_1, PutCachedData=, CacheKey=NavCollision_B89838347A4348138EE337A847529C5C_NavCollision_X_9F6969854C74AC91F__E5B63BC9E981D05CA0E8166C9AE2E7C225077783, StartTime=2016.10.26-19.08.06, HierarchicalDDC=, DataSize=401, Duration=2.934035, RunGuid=RunID0E1643E5430DFF6791CBAC8765861AE8
